{
  "accuracy": 0.9824561403508771,
  "report": {
    "Maligno": {
      "precision": 0.9841269841269841,
      "recall": 0.96875,
      "f1-score": 0.9763779527559056,
      "support": 64.0
    },
    "Benigno": {
      "precision": 0.9814814814814815,
      "recall": 0.9906542056074766,
      "f1-score": 0.986046511627907,
      "support": 107.0
    },
    "accuracy": 0.9824561403508771,
    "macro avg": {
      "precision": 0.9828042328042328,
      "recall": 0.9797021028037383,
      "f1-score": 0.9812122321919063,
      "support": 171.0
    },
    "weighted avg": {
      "precision": 0.9824716111265819,
      "recall": 0.9824561403508771,
      "f1-score": 0.9824278697109006,
      "support": 171.0
    }
  }
}